0xe9952A1a94d4D125e423Cae3cA794ab59cA1c62d,7
0x30d3550782AFFf81c9DAAA1e7cbf3602cE2dBBa2,2
0xfc321bFc3a015Ed045E99f08269Ea2b828C16314,1
0x04ACFAfE348c904f1791BD74db3Fe4Ec06F8A2F9,3
0x5fdA71D66967961736Bdd2054121122dC5598a6D,2
0x2F44Fb58135ae5d3793803C73D471C7CdE4BB774,9
0xeb70275baa0aE6bd3D62E138d66Dfb923D4e2B60,1
0x561c717D5dE7f3CdaD1718bc438f7Cff0ecB7394,1
0x914E5cd5c2fBD31B5f379Ce674759E82c8803430,1
0xE79143859732afb1beed968a0D4c4B38523dd41f,1
0x2349783BF3e10B36E78E6Cb9D9f417C964ED1d82,1
0x9F128b52128027dD6eA9892f741519979D36FA34,1
0xd2a08007eeeaf1f81eeF54Ba6A8c4Effa1e545C6,6
0xb9277bBE092Ec8862D8076DB9AEF9492A8E4e8CA,11
0x30Eea1E603b556EEf164B4554bb6E7471B3e70f7,4
0x8F20A64a0f34127D8D3e3a932237fb93CCb4FD25,1
0x14525aC7CCb7750563A47E570aB4c66E24d59373,1
0xd3e8a1d83026E1e122c9FD9187E7c3DC2FAbFE39,3
0x8C1f393c989C667ad20E3d9Df72A4F778C5c64b2,1
0x7995ee91A6eEAc6a8B336d6Bb4155312245d1c5b,1
0x35b863978CF0DD809fc8451ffEdC937b49f871d0,2
0x5a9F658ED0b63F9877F4aad6f9d627692630E28A,1
0x1E47Bc8b6c585DffF2E166257767050666151F0a,1
0x557Ea66C9215F356A3620afaF32cC20666e11653,2
0x665654f2D2a151bE2D0F8E3697e6Ce780F732aF2,7
0xd461c0E84C98650B7d573Cb7cDd3d7E0bA402E6b,1
0xc4a72063C03e77893B2F0181Ffd22b34CaB170fD,3
0x57b7813E75E7918CC28359872237555aA2c0F65C,2
0x22Bd04906E808196B19F7d10463fE463Ed5f88CB,3
0x1E558656f79E28F73Bbe1e3e2A8e81e149835325,1
0x2e8Ea9c0926811E1c68bf10753B841c759166253,1
0x1fdf89Dd0Eba85603CBdE7f9F5cE5D830ffc7643,6
0x059248De52D8aD545462059367DF7A3f91b40607,3
0xDcaE87821FA6CAEA05dBc2811126f4bc7fF73bd1,1
0xDF4BB86B1c15C03E0a13cFFc6Ae27Ad7595981b3,1
0xd1e8A92f44Bdc83BC620c56A7913fd97De5abE10,4
0xC0B9c3C9890fF4B7B5264d36C911781890a9b32f,1
0x621Fa2A2Dff1012CE2989E583C407D060Ef59754,3
0xBaEa3Cf94aBd0D6E0F029ef5B0E54E9424A72985,3
0xf5CBb183d0d883cE8B4a1964e4fF85b4d5ad4746,1
0xc3F4728F673181e20862D21d028CFEaAcfB6d409,2
0xF1213686b85B9c8b88fa1beEc543c21274333113,2
0x9D8e00BB56Fa61C58926407334e0EAEE37B27d64,1
0xBE48873a51c40391d5aAae897E75211B0355fC46,1
0x66Af4d4f0a18E95a804CFC3852ff6F54d8BF2867,1
0x2c8875f34CeB219F61b7453b2C5f100eC2f6ED33,9
0x6ed75E90DC27a1241335bBcAC03f052A4Bf590c0,1
0xe3A1663a602bd4FB4F75c0E81221D942CBc49219,1
0xe69BB64b92bc856BC53aa3745124f8c855dF07a6,5
0x60Af773d79Cf28E3c45aAF8660c0B67B0B6c8Ce4,1
0x1010595F96Ab62b31BfeAc411Ec5f8f60DB5DC23,2
0x9E70f12c4DBc9a941134eB878b57ABDc24970488,7
0x7bA2887aF8Cf9A6E4bA8aeEa276D95CA2d947752,3
0xB09bfe09d6AE5816Ca6d953c1bfBD529963d5aA1,2
0x5f62831786a120a4475d97CA705Dd606296Fc04e,1
0xa8Fd04B6D9Ee5ed09f3fd54E60aeA03A749F42cC,1
0xDD0C246165c8B4a90bC5A446DA9EE0908a45966F,5
0x8Dbbca57Ea56290Efa14D835bBfd34fAF1d89753,1
0xCD12D73c1473F63E5af0c609abF2113B1998055C,1
0x792B37c2244ECc0bc18aD193498f17B27EfAe7d9,2
0xC264880faD20D56Eb6C5c18BcB2F3d50F72c7663,2
0x0A1717bA21CEAf7c03448f6BdCE4E43a5E2D1cCD,1
0x5ea9681C3Ab9B5739810F8b91aE65EC47de62119,1
0x0F9ef6dF697D63660D8a5AD2f29003633ead3D52,1
0x109848B8Ee215b452B45a271b941D2800096a18E,1
0xB065e10499857Fd6F0688FD96D1277F01B632E1C,1
0x7C43a86A6D9e262451205f39E5E0fdaBA02789Cb,1
0x1DA5331994e781AB0E2AF9f85bfce2037A514170,5
0x0a2542a170aA02B96B588aA3AF8B09AB22a9D7ac,2
0xddc93DBB6889e85ee9a16a7DFeF8F20FA7453f61,1
0xE16dF6503Acd3c79b6E032f62c61752bEC16eeF2,2
0xF0985CEBE3637B0E96F0F8dcAAD30574468B052d,1
0xB88F61E6FbdA83fbfffAbE364112137480398018,1
0x41eF2bf26cF9e2654BF3C8DD89Fa32211fC64990,3
0x55DE80E31ACAc543c9181B39a5c2CfBC8310f5D2,3
0x380E5b655d459A0cFa6fa2DFBbE586bf40DcFd7F,2
0x5B66c925A37d1Ee62cb5510FAc282c695c2F334c,1
0x03D1a11f5e98A02EcD31962dc787000451E0c1d2,1
0x7AF9C75996931344c81dAF2EF15456a2A379993a,2
0xd583B39f851808Cc29980932040985e0Af7d3A56,1
0x6aB7B619E11dD533a2b01c51D5D6Db37829b2706,1
0xF98074A6451EFDeF2E0dBF51738096C7b8F4A17A,1
0xc2D898cb5f97CaA9E38d0f3D0eBab8F69Ba520e2,2
0xaeF5dBaec9d50e23ca9e70fc21Ca45689E6e2992,1
0xfbf3F340C62d4CbDe3e241BC784c840aA3E5e80A,1
0x511977f87387149cA9D2A34F3A1B943094a8A65D,22
0xc1281C3Dbd892A96C9ea5007F916b50b0e162185,1
0x88b521055554D56e5F7120f9519199771e582dfc,2
0xED8AC8b0F7714dBeB85E3F554AEAF4ccCf7aa3B2,1
0x9E5435685733787D1Bb5B6e434353C65cAB7c21d,2
0x84a1817008A0E4F0f248ef44C9AC0954BD2D7C78,1
0x8439F543402D1557c37804Cf1eAAE930C52bF86D,1
0x650B0E3864aFa96877A2493B495FE2436f725adB,1
0xf2d7EB5C436b667922209C61EA8cd8310e36EEc0,1
0xf74D751b755FA7f83e2fC43fc8dAa61598b8E69A,2
0x508d27cBd495BFcD2D852e8Bf8d42d457a89c9AD,1
0x6ab30e00A8e0A01DACe2bE30c15e43C1c6A369a3,1
0x1e6EC0adB8d5B769C7b94Ee74B1011cF60A54008,8
0x4127143a866Bf5D8AD2AFb6de8e63164B8Ad5bF6,5
0x2289C8FED5Be4B1c4fCfD7a74Ad2afcDD277312f,2
0xA6efceA6888F536be1E83d7E4B0196E041260484,3
0x9a90b4ca0c5d986A6370c5C0d7985500F47C00fB,16
0x603ADe65B7FeC7C9275b599c546f8f1dd3aD21C5,2
0x44f9e8aB12e7E610eC7ce09A7d7Bc87AB9Da1B6A,1
0x7c74F84ab9d211b0aD306fd793c593B744135c49,3
0xe4ae3533810F3ce97DD9b89031DDCC97bA91756c,2
0xfBefCE3b257d6C64F84cDa415ADD578345306840,1
0xe3E9858DD484A544d59187ac35175e9f560F1e9D,2
0x68A5425561836d23569f7437a27d16C6332147A8,2
0x259711f7e4090dfFE5c9942c103485f2f856bcff,2
0x6831aEE4258F1AeaaD6Df29874BD5e1A5e39Dfab,1
0xC3580D20B7577e7388eFF874ab203acd6FfFDB30,4
0xB09736d869F5a00fC1FC85E7AACb94AD3Ab383Ba,1
0x6729133D981e533b0a35268Dd6DCF7f8Dd0D9B6f,2
0x6897c2AD5512E273Efb57Ec6DEB96d49CD83Ee97,1
0x82e133653E5069a61062b28795eF19A99A3D2C75,1
0x91215d71A00b0907Ca67B25401172ab18d4b18F9,6
0xF49dF42f25bDB8Fe3141B332573d4ad52CeFEA75,1
0x47A366519eaF385804A404697eB8d5cb1Fd55D8B,1
0xfE0174255E410DefAaF58b06E009e0EbcD74db59,1
0xae91e781cc56694Dc3aA66717784739b7f48d77D,6
0x798DB1De5a6989703186feb131E6E0DFfC0dF30d,2
0xb099cb16DF92f7C3e8e266856aCB0d6BD87cF37B,1
0xBA37bCF34B83bA79c9B72Efa074b79c2c011583b,2
0xA4c8d9e4Ec5f2831701A81389465498B83f9457d,12
0x686e960Ebd9ACEb1771850444d4d3A7810a0DaC9,1
0x333Ce0e5db6f06E1CE741b77E7cA4084fcecc37F,3
0x2AD549B75C468525fdEfF99ce97f5cA4aD38a0b7,2
0x8591420A904b7e0E1196B000E0CC6e08900dB0A9,2
0x379B0f96Ba973a6D9A6B016729B8D9cFF439F3eE,1
0x0B152E5540060B2bCEf504761c709744154eA895,2
0x115894b2859E58419D1eF4787A79a431CE2615C3,3
0xE98674193a2116000eFCEad7762E8d5E86746Fb5,1
0xabD38569709d993978a287cCd6Def7D7c2851e46,1
0x29bD2D1BC9382aB20ee799B6a8beaF9dE1a8E929,1
0x942D970E4BFa175e2aF0Cc63c2Db2D6b3E1f44fA,1
0x4Fed3126bf1f6ca86A1c603242bda9Acf3AD6819,2
0xa012cc0005C38f0eAcffa9E4D2A6375133930897,1
0x7D5a90dC04F1B7525cc5145C7B8BC8D918f3433C,1
0xff4517Bd22B6ea9f83355c6e317B2cE94337bd2a,2
0xC32Ba9452cb2bCFa2462686F7a2b62811E3a4058,1
0x3DC84dDBB43087C9dcA7C52Bb0036f153DC75c49,1
0x67cA64e6d0A97BaE9D85B6B005a0CcdD876aB896,1
0x44Ed32B27AeBf445c209DAb3EA7E3a9D50F37B2A,2
0x3Cf35c4f2AE545fbA29434CD8522D71deAC3e17d,1
0x62239c6Bd68FC55478C2Fa0E1eDd626E5810cA07,1
0xfE97f3ba5dA378Cd83F94B02DE8358045491D48f,8
0xB16B4016F3ca82Fae2E4fEB2c6F5E8D414d274c4,3
0x48B94E0C7d882315e6C68718Db2e80E47ed99724,6
0x1a9a0FB85C510A1b9944238216C3DDBB72f5Fae4,1
0xC9BdE787394d4bC55592d388C16b6f6BC5e35d62,1
0x418Ea8E4aB433aE27390874a467A625f65F131b8,1
0x93Fb4aE4e6bcc506C9bc6ce6b2707C549E88370e,1
0x85Aa8a3Dc39517Fbf7B17B6643C060437c0acCc6,2
0x73a3076C0e79cd917cC826daC4D3C540597d00Ed,2
0xdC5853A54B07CD7B0f6fE233Aa3cb7350a11c696,1
0x8Fb1B4930A85c3B5e95ceEC68cc5567385000Aa3,1
0x342bd953d03c0baa824124A40E33010a215E51f5,2
0x6E112B2a7176AC3b85d33fF8a90D8a5eBd2bEeDF,2
0x18982f09856A0017c53F3122c422eBD52E882166,1
0x98932660390DD949cbD5819F85fc026112d130F3,2
0x6c3d0488f96a71Dbc9402769aF1358CA4B2a3e76,1
0x5A0dbfaa579D16E23fB76d1b04C94BE48d051b55,1
0x1d842Fa7B6E657Ec7AA31Af4D1c0D6bCD2336dfe,3
0xbc22FbfFFF7bF625F5481d2d9b2Da6d52E35994F,1
0x5e6f522249eac6C1215271951426fB87c219880d,1
0x4E19144F05D1901800be2077C48f953199DD4b47,1
0x08cBEc4D41D22CcF2B59200b11c66DC1974f3Acf,1
0x3DbC1f8c1525adA37180F1f6cE087db809AC6Db4,1
0xf676708b675565b448506095c3326f04F51aA842,1
0xb917c85E98A7d3C0d55Dfdbf820Bac80C18c97D9,1
0x4F9ED976581a17f770f517e80d6d7A040A509A99,1
0xBb1a5027643D93de9F11a7EAE87d06Cc7F6c5f56,3
0xaF4C93d576664FCf60fCc56df130A42773926126,2
0xFE82B85063738b54f59b80A7d391c0f9Eeb8c64C,1
0xE64777Dcdca11FD8BDe96eD05e7560ae789504B6,2
0x3Af7D7664CA02bb937B6C338F37065becd3ed0a2,2
0xeF79d7B479e83f05122dc788707B4aBdd415aEE8,1
0xa8B15Be830ed58Fd9D9D8a275a8A070E9eeA9cd7,5
0x7Bc3679A163A349690eDe981aDb7A07c062CF233,2
0x740a92667Afbe58BD1cF086625951f9a7197D2eE,1
0xBDfeB5439f5daecb78A17Ff846645A8bDBbF5725,1
0xc55607F71f13C90EC87DCf57d116fb1af2A5c7f7,1
0x167F2f9B94fd9ddbF645509C3eE766aA9d8A0143,1
0xD297fa47bd30988358Fd6A6C8fEDdcCF957Dca28,1
0x7CD9713CBa192d2680dc1A3a731367ecBe8DDFAe,1
0xFdB26046b3138F5a812FffE027527c0bF9C4d686,1
0xAeCb01C80178df1325275A24559c3b90e39a9D2B,3
0x7cC696eEb48Dc6ACee89447168302A90c116bc34,2
0x34C830D984dbe933cf302Da786Ca900134a58a51,2
0xE20fb5ae209a1EAEBAf6CfB50be12e528B0E0d84,2
0x59212463E5393469bAEB17E3e25D237e05bf00C0,1
0x637B1F53e7537423DA29e512822AB45B177b88F3,1
0xB43801305Ed4468118c101eaBb49803a36417F13,2
0x44C831D87a421529f00E07C3a6615E5dB9Ea9563,2
0x887545A429BF076fAc105a487a180f0039031Eb1,1
0x149D8bA66beDEab927ac8A89b7c30265C9aD7661,1
0x21357bdA562d6861E87bB7dBf850F6AAfE940919,1
0xcF0fdF0E8bE94065927a4b04627f1BbeDE9D838A,1
0xbD8C348dfAFD65FC730029bB2D7657Bd6A265F5E,1
0x357FcbCb45756Ef2A7a120A018Da692bBFb0d2B2,1
0x35f7f29F154A28674c8a50d435384744B02Cf42C,1
0x46f631E523C58F2cB511F43EeDe65e62bb7FAfa4,1
0xAfeF17E03503b8CBb14D189044E2Eb7E82FfC651,4
0x4688b6f3C384C3CFFE95c92f599213De4a9fA9cA,1
0x43Ec5640E18F7384761d8817AA55d38C9a03D855,2
0x04A06759D3CAB54E0Be39543f25f91B302A5f3C5,1
0xdA690b306C022b79AbdD628D9c1A4488bAD73a40,2
0xcE1A7A707721A7D16AF0e99955e81AEdbCa4a252,2
0x89Ab3525dD9d3A60f4ae5FC5f2A633401C8f8a30,1
0x48910A64005CFF019885Bd7B277e0A69a94Ae11F,1
0x9C163eb3589B0DCf366fC23c581307618b68fb06,1
0x7A22926766Ca6bE4c130b2364772858105313134,1
0x694961BCaE7990fEE772f5391Fd4639FC738f013,1
0xC57CA06Af94b70614C192521500EF949BFCC0Fb3,1
0x7C344832Ec4142108f6b6Bc49CE884281E6A19a3,1
0x97064190190D4E2fB284a2d55DD53504e291C4CD,1
0x1A7861a39E74D93c8EB883d774f168BE46f81228,1
0x0688567b794A2A50909ca6FE92BCBe7A018556B6,2
0xe422e3C0031396d5EAE414e6a0F70c5535B6ec6C,1
0x4921B855C1DBC98351486805A3d4f4F0147b43D6,1
0x94aFf1B7568c63D38c8F07981FBa16d83b2b22BA,2
0x9CaA7459ae36f229d4149e2Ea758cCca2d828C81,4
0x9654F22b9dEBac18396b4815C138A450786a7045,1
0xFA4E98A3973AC6D51918e69D49f749219518C5A5,1
0x0EA9f5D0C97b430D5426465e2832A504Bd6Dd9F9,3
0xf305F90B19CF66fC2D038f92a26440B66cF858F6,2
0x0E9f34cfd664A5F736c7085FFf88858B38c00319,1
0x0747c73914C056A039C279f45849D0965D05dA37,2
0x3310fd13c6C55F054cC128439e1E51Cd0cb16Fed,2
0xc8C90C83fd08d7E66703982DE7a6177732240ca0,2
0x1AF331dc34dD7C5C62AF28B5685328318b61888a,7
0x077bFc14DD6725F260e1ABfd5C942ee13A27091B,1
0xF01BCb0090CD0f734688CE77ae067dA58E9D8005,1
0x1529d2e640F7febD3e9DC40728cAc060a2739d70,2
0x69147b4C6c18A3323f4B7a1bc8F003847Ab4891A,1
0x3fb160A681806aCC91AED14c284C09A96ebC9dfc,2
0x696912E555547018fd2963fd945300695630dbF6,2
0x624065f98065Af5430F673ce523bc01d8D3f8716,4
0xddcFCbF4f2BCa3e14352b1B551F5C7106F67f6bd,2
0x223E5FCeA22a600561A5FD7AcB86b8CD0BE11c40,1
0xF46cF8D8A42c9db6A072545e306C8fcBeFFA61f2,1
0x06e67934cBB9ed087078DFdf1b3521F72d2881d7,1
0x7e3569B7D799FFEE7a4B446C29c3C19d1d5E63Ad,3
0x216AEe5a98F8BC398b0B66AE025C44f3d519b541,1
0x4824DC193DCA8Fe6C0bAD6dabBC7385aCff10E53,1
0x690274aC7836d9193DDBCB8DC85dF1674f0F0479,1
0x7d70B5b638a2AF9816202880535c8FE8F1FB9772,1
0x6506e31b88422251354d9deb63a904D90Acd8996,3
0x08267CB203b4Cf1066a81B0F218dDdd8f0E33E1E,1
0x3099E0856a277535627D5C6ab38Bf45169c567f9,1
0x3a8C98263666860DddA0c7aA7E82DE4f79E0427F,1
0xFE65c00528faC68DD8834B5688A7381d4624c525,1
0x6b6026f2A7A73D923dB28a74b3215c370Fa1f83f,1
0x328f23C340152edd00CAA6Bb61761736dCC4E44a,3
0xFEf1697cFa1A6c1211020681405013fee40FE2f2,1
0x0d5B5a7A5CABEd747bdd5C710F4E7d6f023953eD,2
0x2155DF680E53eB3d978158BbeB597e7615341AF7,2
0xA11D442E1cF701A27431F695ddB95E21288CC7B3,1
0x08E04DC1A3fa67603D61677EFba8EE232Fa01A4c,1
0xDF39a51D992d7FCF42a627229aCbCaFCBF0566bA,2
0x3C2ABb28246c21FfF0610e2DC440424fFfc9F4e4,1
0x999F5b05702532FefA42E28E260e54A09ebBb287,1
0xEf0159E704D06C888A140A50E06b3EaB8375B538,1
0x886478D3cf9581B624CB35b5446693Fc8A58B787,2
0xac65102BB7d79488a32d84C5d61EFE27b19FB9F6,1
0xb85eF4488f9066141202Eb51210e4E1D9Df02F53,1
0x727E634b43B816dEfa882ccfdaf80a51f92B72Bb,2
0x6f1732c405Ce4E644D089a5083b278d9d4744163,1
0x2Debdf4427CcBcfDbC7f29D63964499a0ec184F6,1
0x13936AB75cF41cCB049dD3A6A8B52a89C9D79a76,1
0x4a998D4e6baf5D393E917C302a055AaD5759a95d,1
0x6997A08527e46088d942Ebe4E5aff0Eb4bBF8319,1
0x0Db597f7EcBf7CB8047402E1f7100818ad15D37d,2
0x10ef4A6f09757Fb95136C96a76C10fB49464FD65,2
0xC1DA22899531a85462ADC708F1707E6aC7C0688F,1
0x910ECeEC70f3B1042199a4a26F79D05C9Fcbf77A,1
0x0DE1cd5BDF4C64344F12a41D9F874017Dea06562,1
0xAb01FD76F775CaB90E6c66f5a64368d073f14cFE,1
0x7d5300e22DB1B2850Da1bEED10a894893731c1A7,1
0xB0D8777738c5a6C26932B3Ef0862cBF5fA07CaaD,1
0xa67f71D39574b6cDe8bd5fae38D9E4c7a55e29Df,2
0xf72D8E520eC858Faf20912171aE868f46AD30a5F,1
0xce7ea6D726245308E7a74e13e07f17B776a41864,2
0x46595Ac5dc8a1EB5973069Ca70f271c84A86AE7a,2
0x36E109a23061B8Be8D8B4C062d900A91FB725800,2
0x71a152f2D24865140b71A1F7A0FCb24EC4D6AFb5,1
0x16278aE3bB0eEB3D04093a16C1290Ea8E2d9E879,1
0xCa4cc3be212559E7BC7D38cF39D346C74C53e4E0,1
0x8f160EB907A80517a3fa6d22f7Cf20F552696a44,1
0x79e0398F550cabb23a9043C83aaa4e6a524D480E,1
0xB692704d590e224C67Fa96830C4b2526fcCAF3a3,2
0x7b2Ad6aF37be6a77c95556D9453E4877b6A8437d,5
0x1a84C28Dc1257a977CeDEBfC4a47b8a06895E44f,1
0xCfeeF71EF5e0374306FBA281C5978a4C70cD8207,1
0xdFDb5cbD8E033D6Af092648905De738a1e639579,3
0x0ddA3757234fb4a8903C1F97828aF03793F4fb14,1
0xC3bB558C3df1b1F2222fe14b7807E5B857c5d328,1
0x647eC2f2E369e041884BfE80f5Ec39875120AEC5,1
0x4e603Df65552f73Eed79fa5E540bedb6181fb9b3,1
0xaA07a5564C57bF1248F0D9F7B2A8ae56716AD41f,1
0x6010ABE29A59FA938e8f71814fc91A6cD37C18EC,1
0x36250e1943DD50c0EEBF5c6423A19Be1C361C3d1,1
0x330A21a4F5F68f56AFEdC64EdAe40F04b139Bb34,1
0xa07f2A3A8a6e7F9e14CC0EB5633E6795814d549f,1
0x73B4188E976E0f302184E438BE71ba049B669135,3
0xE5050E39ADdF3475f0D7Ebb17C6bde117f0590E2,2
0xa3D6fB4E4812C101123B7C70482D17d75af23544,2
0xb616262348ad8AfFb0B368e95284e996317C9098,1
0x4f81158673D1304E8dc1AA8975401bE570Cd69ad,2
0x159d7bf20136eb23991BB4B0Dfa974cA2051639a,1
0x489a0f8Be88D6025C88Ce431636E7DF60518dF68,1
0x9f4c9c18fcaF361663c414A4d93aAefB81b61A2c,2
0xDAC47e0ea5dd4565dFde65080a18e42190600846,1
0x04A63C6634564eb0EFb4544A82903CF580d0877b,1
0x2d94EF86f8842726f7829beBD76b0b0EC2b6163D,1
0xDf85b9146D73a852D7B900d1ABD974f2a8119f57,1
0x94B08f4dAf6b0B1501fE4297280eC99412F66030,1
0x7144622dFe8cCFD2C64BD31E71Ca2767775CEC94,1
0x1AC8b81EF928f5f34bF0ac9E3821611300cF5624,2
0x451b47293081E23fFf99c32299a7A6eeC15D275e,1
0xecBf37b005E2739AFa723015e760e6215E1D0A55,1
0x2c45f65D254E85584B47ec82450C91A30CfC6BE1,1
0x5234E2821F9ECB13BCd24Bdd3107dEc1DdbA5dD5,1
0xb5A3c1820F3B128941F72f2228f190ce0A6b8a9C,1
0xD38C4EC9641c25c95ea1612224e19e4FB91c3333,1
0xe215caBE3e0e598A4f4B5De954088689A95c7420,1
0xD30c8036B6254F494F20248A8d82FFcAC1A739E7,1
0x11360F0c5552443b33720a44408aba01a809905e,1
0x1A09677b4831e255eC215eF399B0feBbdF57Df90,1
0x148C8b81a0A64a5100b85b2f42270D65827e95bB,2
0xAad0ac2Ef7EC521d0990cA83586239Dd5e915688,2
0xFb8BA0706b03aEE4274e8B60Bc2dE5A6A177FfA4,1
0x9827929B310ca4E0b525CCf00333C90a16720dA8,1
0xc58326c7020F26345f4568CC09DaDDf019a8e6D4,1
0xdA7568175Bf0528E9E609374aaEc2267a8EB0Fdf,2
0xE36a124CaA7Ee0b75A96A934499CE68DaC6D9562,1
0x68A7Ac13477AAD590982293FEEeb786A00276cF2,1
0x474c6cF3485F9f2c2724009135812c028825A186,1
0x5c4dc2D352673E0FeDd37e6f0f51D3aa3051D267,1
0x833B6cac387e694dadb02B26d0c55e346b4C9C34,1
0x3FF817113ce8794b650F676BFc89D90fb699362D,1
0xbf5dBe8fD00968334E5675C5F0161B2D35a9449B,3
0x1112c9c86aba7EDcC60c15A8616aD9c164b25b33,1
0x7Dcb39fe010A205f16ee3249F04b24d74C4f44F1,1
0xb5091DDb5Ef7Cf51DdA2A5e9717aaB7b932D7852,3
0xb50fE6bdd3A14D5260De6cC5D821774eCfA52d1E,1
0x297B408578957BD0e0D5458F1FC85920893689f3,2
0xF90E718487913eaD0b17ebb757cb662Cb76854dD,2
0x717BB98c2DE5d080F248fB12a73B5011B808d7B1,1
0x81A95EBF500480808e57fEb674Da5076bAf2BFc1,1
0x3C682289EAF0f98Bbde84A4203E4dDA2994C2438,1
0x270EE8F5a362832B21569a0c1AfA38798a9DBf69,1
0x93Af67b7FCc2B03d8Ed8513aC682Ab2E1817c01e,3
0x2BC1Ef8E62bb770113A880CE77F4747cD2EbaD4C,1
0x566f827A4988d4A3eb9DA469d8d3D0b536dA196e,1
0x0230C1E68d5a5b84582534eDAc3030669393fC9e,1
0x6F4cC594AD6e21635a75E0323Ebd519c2Fb6a6bD,1
0xc022cd6d5751914eb756C139Cf9700Db8a4657fc,6
0xD29992887C049c061661fA0Ec6D9c3FBBef16974,3
0x66EDBB15621F1Ba62828D07885e12263ca184B7A,1
0x1e2E444F2Adf883F0DD1669D2aCCa447C5f9c87A,1
0xa934AF382db4124d6343077D605734a6768D1bCD,1
0x76689EC1706693aA232c54045Ee4cd9e8f130bDe,2
0xb042A062143dB5dF31Fc0756c321b6b1C2C11bac,1
0x0d361A88eB6eC69fcf26b5e38776e917d8E8A9C2,1
0x65Ba4f92D7DFA813DdBd849D9Faf38a723Dd9b12,1
0xC07Ee335c7F09b942f6ECB4B88f622ae77e33303,3
0x92AB3806FB09a56b3090BC2c2Ae00EBaB4620D79,1
0x9A6835Fa450c11b1D0fFD3C958bfbD8a78Ca42B9,1
0x1b80422d9C7a86a504FB784beEd96204a869dCdF,2
0x7bD0492CF724A7eE158C967AacC95bB41fB00B0e,2
0x39317B24ca5bf020a6df2C332aD683A8A434c81A,3
0x67f085411CE7cCAf9380efc2011Cf1378C79a239,1
0x6bdac4F8dFdA978b26DF826Ae4eF57f6D3b4f6b7,1
0x5bdeF91394dC80B156Bd1EC270440B82659d03e6,1
0x3942BbBe675258d7bfC52B7b17e16eC32d79BBFd,4
0xBc317A3460360790efCc6b04F6A613e59411C200,3
0xd686166Ab896AC07DED0D055e361f53174Bfe8ad,1
0xd450a5EBe3a96281a6a19C1Bd8a5A0d17ad2605f,1
0xAaC7D3Ef895Aa709526B58D0933bf83548F06cb1,2
0xa1f49b56DD78077cF0484a238c7396cdf6476844,1
0x184b91342e3441D0E0bFe7038D31cfFFF3333a47,1
0x551E9B974125aA2c36b78242254b4150caA80cA6,1
0x0bcCcf68faFE41b5494d7FE81Ab018a2A2C06843,1
0x3CcB86a565DAa86D1613A634DD16663779bBD63f,5
0xB7C5d9B62C233b5C9b450AA53A0a1d289fc0f378,1
0xDA582DBb27CB5Cab9c7e65AA91962Ad57c735748,1
0xEBE326d8De3413F8132518dcFd45e6cBFf7E5c27,1
0xD6e142E561Bf56AE85a8eAA45C5Dbe7Fa6a8cE79,3
0xFf2BFAf7Deb3c03F8ddA16B7E3BCF0166D568Cb9,2
0x2A91557B4A9A625E810bA7E48D23dF57147b2004,1
0x9f1DD54C9a98686E7F756Aa9e0fa7614fF62aD65,2
0x618cd6eb50C72EA86559100365C32Ce9C0E99f26,2
0x612181772106AEdC4114c939a36A2795Ce101aE9,1
0xec2f96f3Ea6d7C5fC30fad378A7F06b30F668d90,1
0xaB07BBe110B7ed5DdFeF66e84ac738B0469fd590,1
0xaA34dde115E593dd26d0E6B250321803371Dfc95,1
0x18aD0aeDa529D505AB14517716e2b6cEb3C75B96,1
0xB43248C0f67821065378352e75F8a3b1917eF968,1
0xD3C231B4dd6deaD4c890F899bFf29690131ab1B8,1
0x16b0d1368146939e5C8F8E574F09f175baeC5996,1
0x88DA3f50F4fd2dAA32aE8eA2b3B937eC1C416E0f,2
0xc8ce573bE4A1594158c383f695F53FecC3166A55,1
0x68e2bBb423C91643d8A0737Ff83B210053EEcC6e,2
0xDeD5e330D75A3FE46FEc84624f5a28a1908fE44A,2
0x8E6136Ce3572D5C9be30b06b0bC1838F36A16f21,1
0x18E0f9AAdde970D74430cC8636A381CcFCD1F559,2
0xf1474fBa301e6432c50464561E68610CA53fA096,2
0xCDE8f419F4EE7e9ac921D76e714eA5aE882876cB,1
0x7915e43086Cd78Be341Df73726C0947B6334b978,2
0x1020aFCE9a5Dbd7D831968Cff5A0e774621f2b2a,1
0x3463940516180Ac7AE3E504Eb244eE56a098de3D,1
0xFE2c7012897a619F67108a551f86e0D88abBa8Fb,1
0x15F822b74Fc436cf7BaA2DDA9cEC05e6523e60dB,1
0x74200A3cE998786f45591bCAFf3daF5a37825dd0,3
0xcBa35e68a8E99CD32a31e37aA2e57e2eAa727C1b,1
0x20b39E410043Bc90a3345A26E84d2d1E7559037c,1
0x2E2A54555807BC0194877a3A4E679Ad2BFB9bF16,2
0x048d0BB5AD612f817a554f0EF56b0585e9460294,2
0x958410d75bF7543ef6e4dd6134482BE368A5712B,1
0xbdDF818C7EBEE7E8269BE17F57F215732c494FBd,1
0xdc6adDF985F6Aa3022e387680E5c928466BD6579,2
0xb362c9981D944eAa4c3678b6c83C61f55a45f6A1,1
0xf70Cf42dCc97Af7718F28a06b334424Fa481BbA5,2
0xEE53b82fE218EcFFF7CC6A03cE074d07944Ed6D6,1
0xbef3D58fFb3F8FCfa91E1C80fdf43DedEee66D8d,1
0xD5615e28e3018c44EFaA3E7C39B1e7f7c706Efb9,1
0x6964F20c949521d184BFb1CA37D6C19e4cB50DDA,1
0xcb249211091AF4fc730a4a315213563e8c698F9f,1
0x179A862703a4adfb29896552DF9e307980D19285,1
0xeC7F66CD42286A5fC48e5B719035fee75181103d,1
0xb62b86353C9c38665F2A3843Ea4eb6f7EeF9E5ec,1
0xB92197BCf7793a69291740723F19CFbD152E91F5,2
0xE2E3a4A1D2D7714193378440B9e4804Fd15F7640,1
0x27512799aEe6689Dbb4E563a0fcF3759a0b222F6,1
0x34E73E367015824D3e1c0539CC754E1d05A4347B,1
0x1e92C7B70Bb5F0298f7CEb32a7B9C72A4dcB69FB,4
0xd4E5e807DaD8FB5593B9bE5A129355E70A3F5Ca0,5
0xc1D5393E58202108E94a686B15ce36c6FDd521b9,1
0x3387C4b739F9495252A140d1Aa4DbBC095aA10a7,2
0xE4797e3e062b799a203FDA426f916878a9f669Cb,1
0x541096A86e15A9afb43D50cD0b346f584738fB7d,2
0xD4FBC8D7C6267C9B057ECFD1A4C773494c9b6350,1
0xA5FB19a3cef8e3F0d51e466d2B1a570d3CFe0ABa,1
0x1fbF4789Ac39De79936cCC29FA6789Db6848a275,2
0x7c411C89c87b58D8C337B28f4Aa109dac1CeFD3e,1
0xa31B444F2CFd111d16D61335247E66Bc491c9039,1
0x7F68dBBF2BF22350F0BF5E95cdf6648f7C640F0d,1
0xbBc37f68E9876d64b2C55016081528aE0a85D8b2,1
0xaAA217e121433F6482f78371910930FC1AcA226b,1
0x0D99E9a9cB81eF149ae2A1270a6C7a9593EdBa9b,2
0x45db9d3457c2Cb05C4BFc7334a33ceE6e19d508F,1
0xA0BDF16f3C91633838ad715a4bC7e8B406093340,1
0x3bA475983d5F0f5bD77E81468c0F10e284F9E31e,1
0x3CEe18e1Fea3943fA2F3a1FC734434066646d194,2
0x3204D904f61C3502050cAB4fDd241f0B6295cD8B,3
0x42F97Bdbc7453AD6F1C95a7B91941d781C8b8Db3,1
0x9DBC895a81d06D61232087992e7693eC2549BbE0,1
0xA0a29B0ABbbD6b7f62E64C0dF16FAF7C132e8e24,1
0x4a53Bf8F68CC1A7eB8D429abb2d0B58324680fA1,1
0xdff251e6dBb9b626B4e765B1D499671Ed67b2055,2
0xb0cd28d4bbFA68856Ff064bB0A570d695a985128,1
0xED1E25178d7a6438C356d3459FC3efa9458AD52b,1
0x180669310D089fafCbeE40479ee719752d680d4E,1
0x95f0110897069c1b62991619D3257AA2C940cC9e,2
0x12ff831c0428cb7b3bF7a72C0680B052E679acF2,4
0x8e2b1F6D4a9609D4d2941B603615d7972ACb2C78,1
0xBbd38eb161654f7A9A413f060285Bd8e71dD04Bd,1
0xF4F847c374604ac22cA9534Ff1aD95A41B20a0D6,1
0x90A076425F93346C02260C8159e1FC74044e27A3,1
0xd1816C9283e623663ea5a96f2435e565F627d1F1,1
0x02644a61D754b28B67E529D62A3ff6A48889c0B6,1
0x1EA565809cc3883548f2e5f7A429E0Cc88fdD6FB,2
0x9DED67EEF2574c8CBe641a3AF82842057365a4Ab,3
0x74f77004A8EE8DD023c94f42F290E959A973Defd,1
0xA7B0Bb4Dc3D1Cbf2baea9208fc65b87ead28dbD5,1
0xc8BC8B83D592f9c72ea3FF494907280aaF096605,1
0x69660d46Efa6256c6c90880cf57a6C9056Ba670E,2
0x0b21AfbeF8b8F0259c93B47653FDA2e5f668dB30,1
0x089195A905c8d11A22c977Aee408D8A694BCDF18,2
0x6445de698dd7f3cd983Fa0B57bcb677D6ADd590c,1
0x750a0b58614D6bAe75A46df9fCa315EF9898A6e0,2
0x569FF93aec513daC5b818714268C4B1e49AbCc40,1
0x8673f7DFeCb1bE4C91ef9B6f625975dd437C53C7,1
0xC3Df7D3Ea6BC94CF674E22052A5d374fF08901BD,2
0x16B35Fc09e734Ef40e592dE179C1030AC01A40d9,1
0x1d8283034fFE50b2CEf46268cc737FA2390f59D2,1
0x421388a1C547575C614e544f808021D580688263,2
0x9fCE98f039645b30dF583fAEEA31fA0d2946e134,2
0xF568EFFd38013fc5b86680c09D992DBd7b7dde1D,1
0x6749edD685F68135Ed629FA5CDE1269BA18d6ae9,1
0x74FDEA2eCEe55a47D292BF554666e672de06e3fC,2
0x08Ab45305C5A57cD82499bC8Ad254935F95aB582,1
0x1b94e31763e69e10EA428226db5325F717b6E00e,4
0xA159A996eD582d183D98FEd1989B2f0A95A0Cf63,1
0x292d76ef68931Cda7C2Fb2b580DF263dca3d9b9B,1
0x12d6766419982E90b38e4AedDcE8B09ba5C97B59,1
0xC3082aF35Fe9747D996C8913212e7cd28982081a,2
0xD387A6E4e84a6C86bd90C158C6028A58CC8Ac459,2
0x3b4FeeF2B444A3Fe4540c7956f74768738DA10f4,1
0xd3729B43E91e60514722c74474401623d57f2442,1
0x0F25809d8E83AbC5Ff0f4Ceb8A8C39c79746d0B6,1
0x6044352EAbC89Cc6d08023Fc2e5010f4031Ef4A3,1
0xC7e32Ec25C6AFBc9bA51DEf09baaa59719a1f553,1
0x93FA264fAEF5BD8abD7F7c782c38719147FFA6B7,1
0xEb27f48EA5b622A29A93e80dB6aD1D805CafA7aF,1
0x72Bc237Cf598505dC00D4FCC23B1663E206455A9,2
0x6dC718F33Fd6721bAa01669f9bF2c89D8E344Bf6,1
0x00048e675A5f9934EDAFcBdF3C4d669cA1fE4F6b,2
0xeB5ED50c8f66E4161516eA8A447fE0435d8D518f,1
0x869ddBa4607193C584455DB82126AeD5AB29e3c9,1
0x86E8986c8a48648a4788aBEbe439f92E5e959F57,2
0x60C9edD0F4c502C60D726a200f43A1B79A5B797d,1
0xD255CB7583c3150784973248c9435ad1C7f49842,1
0x6f140B3c5032d52eC80c633A1949820ad8e81648,2
0x7d989ce97CFF246E23b2c8e9d431e922C3e85dea,1
0x5e6684c5E5A5b1ee161Dc2aB4F3bde5a8a7cB2bC,1
0xaf016eC2AfD326126d7f43498645A33a4aCf51F2,2
0x6714373b329009218142a514c66aF66c2db10F8d,1
0x067746F5ecDa74422831845C29CC6A26A7953bc3,2
0x29E3eb982c907a22AF11815f6846Cb7B1B434C99,1
0x4033F842418339be47b60D5FCa69b39De0F1cc59,1
0xF3641F3839FeB488a7f2d75AFdD88aB02f080EB6,1
0xCA740954f2445Db83Db2501d6E10D6150C6099e9,1
0x1FABB68e310BC645D0B5618bE079495eABD31444,2
0x6bEC981A03BbC2b7A9e37C4b1ABc07a2Bbf473B4,1
0xA40b4361163CDE0F0c0FaAB562474B7e4D08a794,2
0xd2B12f1a75b2313980d7c410002e6a48cF389b8D,1
0x5A13367c105deD8734bCaEB513df0B2C14792b65,3
0x2E2E331F4aF4449681694E93742df4a76899eA96,1
0x87DA297a832706B5115ee1FEb47B7FdB7c476261,1
0x26630f4896b5311F1ACB7Ab69B63E29e3CDa9A7f,1
0xC6f9aBA7edC007eB0A0Df62AddF3Ff92c307DFfB,1
0x504E7aa505dF88645ca723c139fB1F6F9A3230A6,1
0xB7B9EC8Aaf40EC7Cce14eb19ad69c725f714d510,1
0x1ee3ffcE917d130C15e7d1109C31936B7a24f164,2
0xCDe2DF46A534fDEd1589feA5647fD9D4052E1248,1
0xc21Ba5EcF4f6F9fA09a55BB4e09D6E67a5B81184,2
0xEa77aB684df75dd911E6eE5323332BCd767f0b7D,2
0xa786e69e9567A2fD9A48308Cbd264Ab7c1aCF922,1
0xEAb3739D4E716BB07901d72dC94b4139B6968623,1
0xE946cFcB596389436B97D143dC2D478a093d988F,1
0xdE4682B0127711cA1A23b7a92b540DC6A86366AA,2
0x984D166B025C4c9C4C45C013f43B512667f33Edd,1
0x468368daFEB1d571851460bd8df2314abC41833D,2
0xe7b9f33Ed46Fd994404E815ad19d0fdda0845B5F,1
0xD6e5BAcD79E608cc87cBD418F9F6109E6c20CAc8,1
0xeb3196e59D89bd9F213C0d46D8b388ef39367A28,1
0x6D5Aa13AA12006016B825E138271b464370fB4e5,1
0x02DdC822F0aEF9C82b1D33b8389b747BdC7E2f08,1
0xcAFb4523e6eddDa8658F049A194B388AD31CceE0,1
0x58E36e526195B0e9361978E15cCA05Fc33bCA0e4,1
0x0eB05684c7b3326a30Bae7cdC1aedC41Ca9Cbd86,1
0x720A4FaB08CB746fC90E88d1924a98104C0822Cf,3
0xd7047cde339f2CFE539C943EC7ae618ae2510d29,1
0x3a8d4a01a24470E0AA0a431881307da8d53891Af,1
0x9133621df1B313E7af47a662fd79A80080516C55,1
0xC75ca7cA4D0e4a513bf3D073D0B5A31ec8511230,1
0xe1e2E153e785118Fa7b50e93e6b8cf887F025Bc7,1
0x4e481B5A812508573aB1D94e826FAD5D2A8eBe05,1
0xFB861ae311ebF88cd00B49F5B8Fe4732488de5e6,1
0xF82bA959eb933d3B707Fd0D171288F3abe3e2BAf,2
0x9d04D655331c41E031b9B48A80a20Ca23b812b14,1
0x40d939a80eA77828161E50d61Ca2ab3F3D2807Bd,1
0x85c46d52Faa943C8af622dFd246E16bFe4B8059A,2
0x74A7b842FDeb244C152aa5BC8B7fbae362091EE1,1
0x92C29C4F366EF2b8224a66F6Db058922d27003D0,1
0x13ac4da1D3131630cC51Ee8B858e7294f400a212,1
0x45E677682Ed3F199983f6a36ED0EEB88346920AE,1
0xE540a8D94bd379C4d9c0478c8fe9f7Fe7F0B06e1,1
0x93C456BB6a299e0A64F15089E27cB76b74F4EfF7,1
0x1DfFD9127C32d30035477aD65fb1fAbF81b11F04,1
0x2590F1FB407A3e2a5BF5fDff9f060bb81A1CBfd6,2
0x36eD861a319278e5B6C39028884b0ca93df105D0,1
0xc78E15853ad48eD3816EDDE8d51602A254Ad348d,2
0x3C735C95f50990F57483d2a55C43E5F47e61D13C,1
0xB7Ef5fb53Dc42839270a94Ca569536a7C7E7EDDe,2
0xCfCDd074DC974af94fA2b9d56b6A213c0D96EaF9,1
0x992a414A411b4C50a43c37052F23fCfA06225Ae7,1
0x2a3f3869fEB04446883EAFc567B58803099458bb,1
0x3F3BE7be2f879a7Dd1807cddA8Cf29b2bfF7CcA1,1
0xC6Aa79A22B08C794B25Dc58cb36F2250779CDF4f,2
0x814757B1515bB6e07F66EeB4FEB0e922ABADDd97,1
0xD1a379d1619cd531A010F308b997445AA24c0013,1
0xc7F5e266447a1Cf0D717fA70D5E7F58EF4865077,1
0x7a8f8956A676dbC8E016E7E2Ca5254AbCEb766DE,1
0x0C71E607fe28Df56884c46C7dc24F385840D5A3d,1
0xd2a3f9C6FBE4C13D979898e603D64561264a6B35,2
0x2867CF6B45D5CE7ba18106b68fbD011915FEc382,1
0x2De926e06c901Ac70D78C4c56F98CE672F562F50,1
0x48143846EE5498fcB2228Ed1B7102BB2FE1ddCd4,1
0xa5437c9d2f62F79AE22B1DbD0a735feec7CEF6A7,1
0xe4aF07D3b6d97fC4289AE193313E06e904f3FcCd,1
0x66aD48f07439CBCb6f25A9ED6261E256433efccE,2
0x183a8aE34605652BE6ba56e9cd2229116AAd8Be4,1
0x7230154509eA8280fc410Dcd867A2884C5AB6f54,1
0x41De1eeD3Fe18618f0Df558EA363c522Ec18E194,2
0x61531a8ED0d6EE7b34598BB260E16A2a3C01B031,1
0xC97dB12BacAf9c724D08b570d3e5C65EB3F73799,1
0x78eADf900c1A2D157EDf4F34737F3cAEd5d5Dec4,1
0xEb32e3729C60e822986fB268a23152D0F0306300,1
0x1d6CE1cce5bb266FD1a18889E09D365b2b79252F,1
0x0cB91dc1cBd4c11F5D303f381A922BFAC4a5e46b,1
0x729c225CAde5cAc55eD3317A8Ca3AB3d7410b1A0,1
0xD892DA7915C99dE8122F01BA902e331065b69fEc,1
0x0D7405F5f830659FCb0C4B05F2E40a78bb30448f,1
0x798F73c7Df3932F5c429e618C03828627E51eD63,2
0x0C2EE20Eda8C230d6736C83f4dfF6e400892F9A2,1
0x4A29367c5Ae9F84eF03E447D1f7deE8e6b16229D,2
0xbE8Fe12B9EB1CA2a593e6C070c71c294b6FE9f00,4
0x37cfD1aEF001733f5F0695bc397a473C018a950C,1
0x852E45eD1a6502406Af4c409DF4e0Eef3CC0A0E3,3
0x20e907FdA513Df2923ae129222B5ad18D92E94D0,2
0xF3E17e935A691ee290f724Dc8645Db20DeE82Ca5,2
0x14FAf662E4631189d7C5e32d13391Cd9fa06d68a,1
0x4D255d9b31Aa437a0df8d02565c99D0faA6ed49c,1
0xC13D5024c2Ee14C5F80847afD09275f8b550a135,2
0x3D27b577B7c2388964A7E1a397f96e913B0D48E7,1
0xf065022D6126235e60C0D92B39B41ed224b15052,1
0x9A78C0913396F8607eac7C4Ae211A9138c2a1FAC,1
0x6D525c6dDa041776872b30D3793417b4b82c0feD,2
0x17F421bB6E0e99A92BcffFAB830866f2B9715F7E,1
0x32bdd37b01d8c99537A3Af0e087458f805D3D2f7,1
0x9Fc4001133d3825B7CE4b05bCFbE227fB3CD5fDf,1
0xc5b0C42bd53B908e532127441Bcb736fb1715cFA,1
0x45F5BBb6F638eA973B80e212cbB3f431A99A4D74,1
0x2a91315BF431D1C64bbF55959E0C8992F2CeF3F6,1
0x84B056104C78B782Bfca1279489DBCB584859daD,2
0xc0c40cAc280Ff192986c2746fBC4af2296Ab66B5,1
0x4E6e54dc07278809cAD79511f3768cDDb3DF3470,1
0xFaFc5c6A95BD694f3C196dC3f7Eea21a8ca9da8A,2
0xaf469C4a0914938e6149CF621c54FB4b1EC0c202,1
0x15D4a76dd2253BEF53D9346D840AFf9FE385fB5b,1
0x6BFa79714544F2FCe72a5CaAD853C45aF6c352F8,1
0xa14757a3E3F6647943d5d31d00661f2d6C578581,1
0xb1d0b2a6EE874DC04B493768504A7CE34eD75174,1
0x54c93f123fCcF995ab86f02ed93b50D8f53666ac,3
0x55d4a9e5cDE6Fbe40991e7570E01899891F6B0D2,1
0x695626A661831A618ae846482FE8abF6c8d4529C,1
0x6b64C16BfB518855d1c6BB7A92487DBD9cc13b45,2
0x4Ee589B12f56aaA3C4eAA4Dc7EBe0b62b7c02cd4,1
0x61531D99c0cb5f0CD8cd4deF3e6E2280A59BD5d6,2
0xC41CfcEc2b5f65A2c6bF70869cbC116Aa0ec0Ada,1
0x611909B813359e3FAcC833812559E07dF37E418F,2
0x1e32a859d69dde58d03820F8f138C99B688D132F,2
0x02f399EF29e2f8e52FE700e321d82Be6966c7Ab8,1
0x51e957A31B37b7D213922146e8Cfd095c3013f71,1
0xf600fd970Bc2054d81AFb1646B50531D7567b22c,2
0x78F01a1f456B340dF24A49dF607467DDEe2D1835,1
0xA9DC690e6f9b57d3dF6E39aC667Ef6e86F520724,1
0x629a5701dF1D2602742d4fB8B7a73c0b4cdcfE9E,1
0x803e96717D25Ed306160D35aB0368DD595D0efB6,1
0x2177dA04f9479496c2292D6344d306aA49BeB34A,1
0xe5Cb05AEe78d01fD7869E4A872A2fb01527dC904,1
0x04A5067B90A1791Db151dCe21eFA4a880e0E645B,1
0xc1F8a4dA9997F06B78c222f2Ed6299BBec7d12Cd,2
0x5278D5b0D6CF0bc06E29901698C32f77d3ae4b3C,1
0xF55Bd3dE9399A9B2F57435AE54EE8e4217E91347,1
0x40Ed4Ed2463a310bA71b4aeB33d6Aa335df5D4E9,1
0x1Dc7AF8739C02B757aC9b3ba92Ab561dE7E3aF25,1
0xa4d6746833e9DB99a30bb6Bd442ffca1a386ECeE,1
0xd99208a6b2c353b88db78f04642b47F9FA993337,2
0x7dc6877FF33566c65DDc8415A9B13cadE6c8799B,1
0x26349cC1373c1e8A834815e930aD05632C375B27,1
0x750A31fA07184CAf87b6Cce251d2F0D7928BADde,1
0x6A61E489417c914f0eF581bD99e523e4D878B392,1
0x331b4a1242ad6A794EF127BD61fE57D7bdFDBB80,1
0x41dAf5283AE9d5DC0172AA36b41709Ced303D642,1
0xd6F6E99c4905c6e8A751Bb0aFeEFA8Dcc56a30dC,2
0xcB91f86157c860560cCBFa0208C6d6dc1E002D01,1
0x23dab035FA8ef03c37C4E15eF9252C7DD14C64A2,1
0x8D5055f4DD3dC0eF0e5D79c32d765F2813Cb8d6d,1
0xC2092ac155700218c70fbDDA708bEe592Fd3cB19,1
0x97Bb12e8427E6FDC7881927dB0B0dA14445327BB,1
0xF71eA421c931A5fe80C8E7eB13c2565aC0887749,1
0xA0945DB0437861963510a7869e430dccfbd86D50,1
0x08F8070f1a17791dCFda507D2e1a47Bd78b6cdc6,1
0xb5816179A6814B2291A1f078c67B104Da2F58E3E,1
0xfAff75f82500ceeA6177b0da8c5B416D10e66D53,1
0x264Ca3862bDD88505839033Bf684e3A217432d4b,1
0x98b48D5138b6BDeF95e0e89997CdeBFEa7B23251,1
0xC5ce6FEa2D97622C00cE3FBF89AD4E90CA50Cbed,1
0x6E30D55E548885256E9C47A824989a2c9C4000F0,1
0xce716837e7b9469e7da0816a8A7f3E487a119186,1
0xa85e9b7cE36C17C59538184dcB812EcAaD90ae61,1
0x5066c297F970b63D28f86Ef6FfEfeAF7A208014C,1
0x3aF7f85584184F63b533e547E255AE7265EE6A90,1
0xAAA8a090E78724c8E3f3dE407205fff160017568,1
0xC688805056Ebdd43678cc7724622fc78c17CED7A,1
0xBd76867eb4198DCC871CA3fd30817a31c38f9dd3,1
0x637B07E551066Cf725a25A32771A2b9bb16a8c7B,1
0x06AE4673E05bB60Ae9bB197C1E621D56e0895D9e,1
0xE508ca502aB7CEc51AaF87C6E5111935884d2bb1,1
0x7DC39E22875De8263E5F995eacDD48F5093C5EBf,1
0xFB6a138aaFa9193be5fAd991B84eF5b98fF8640C,1
0x43498E6267572370c43B1d77fA451B2366C60a8b,1
0xF69fE00A158ce73E718f230003C46b80498EB15f,1
0xE491B1f14DdbccDe1881C7fD492cd06943bB8732,2
0x989c8DE75AC4e3E72044436b018090c97635A7fa,1
0x5eD463de0A09145BFa40B8E12A3226b5b75de5b6,1
0xdD213f6932a986D30a5d8e063C35796BeF697434,1
0x2206445D241cCB7DAE93B2D2acFC67f75B90fD76,1
0x7947EF898A87d7FE9582981Edb0a92fe713Dc4bF,1
0xe915BcC9bD87d92D442bdE0d2390bff23485dDe4,1
0xD7ab28829bF29CFCf11E3f19f089113f672CFa89,1
0xBE37d8d7aa8246c7Eb692c5800E9425f0A522c0f,1
0x2e9956B64cAaac6f0C47dc8E69F60BEA949c5668,2
0x167AdE962CB60346D2525e6A724b3c8e52e73C34,1
0xdbeBEff782FcD9bFCDeCc2e13fc54CDB92eca335,1
0x1e7F2ef8BbdE7FCaea03Ba0C83d5D293D066f41c,1
0x90077550db8D23f3825634C3497AD3a594013137,1
0xC80e8AB92fd11824A0b5422D68114049c6AaBb8B,1
0x23F608B267495499A35a8005523495f12356B848,1
0x921084329F0e488479D5AEeB61b7702ca395dcE0,1
0x2513bf7540334eeF1733849c50FD41D598a46103,1
0x8E58E01F3aa73Fcd9bE68039361b5342131f0c21,1
0xAD2ef2A3f81Dc630BE1d3C0ce23E80d94deC9Fa0,1
0x09Ac4Fe95ABA98490183d7A3128ED4d50Ab81f49,1
0xF0cF0Aeddd79081BA87593cf30F1811DF089E3E6,1
0xC26A5b0798A3BD49086A673e9279e990b9f5971d,1
0x09c400217EF6278cA839C49b9E3b9908fF6D1163,1
0x20ce5b0004aD1EF20FF40925A908fF7dc1345313,1
0xA5B96927e16652578A756E907b7969AA85d66093,1
0x3eA85644C0D35522dB62f6d638e0077736FaEbf9,1
0x61f1EC7720Bf935E6dcC03eBCFd0E01774C563E2,1
0xFB29CC23d5D7b705A0Ab93d7A7cAD6A01e52Be94,1
0x3b2A890004b0a3c872BfD79e5A3c6656d196752B,1
0x5C9A807593189Ce44f270d7B773bc19970cf388b,3
0xA4CB4A8c3B8dbe621c2414610b5e7F2F4B5120C9,1
0x9cdb336ca6CF55eAFEAC3C27FB15738e7Fdac49e,1
0x02fBd51319bee0c0b135E99E0bABED20dF8414d2,1
0x9D308B36Aa76AA2885DD2F5054bC718f44B7d225,2
0xff16bd2449E171caba1A7d37f7E18E47b64C751D,1
0x6721820C2bbb9651b0afb6956059aa3F356Ad70E,1
0x7c31925b73FDC165faB89396E54084dDADFCab39,1
0x70d3C32529F47D44075279eE6E418ce50B040413,1
0x7ec3054F96f18709eB7c834a0457a1d56164F7a5,1
0x4f78D9F99712A6C0CA0fd7B173c995d7a0f8245e,1
0x1715F43b2189b2C02A2f3588e3D44b1BFb4f6Add,1
0x38e3d4a5bF7DEA9280E389864d4bf9834cc2f266,1
0xC01A5daaFDF53e29A90F0C9637eb086Ef8099069,1
0xE14E1E8398Ea44755774D3Cb52350c1a2e5245F0,1
0x8aDeFe43C8B3429dfCF0436a5f54C40169f4b393,1
0xfDa20554437709371eD32294e435E745d1a7FE92,1
0xc68acF7310d836CD58B7946556f53558077E5AC9,1
0xf1b1cF1a44CadE3d7a0962d61abDC475f1f3D093,1
0x6388E2072aEA413342b6731D5d44b743239969FE,1
0x4D9410d1faC4A91CaD2f6bF34F1ED9D33c6319f6,1
0x78B23Ba27451F96F835f9A3F2EE716bCAfA02479,2
0x5391e37aa59942aC723a227D4b14dea2aC8d947b,1
0xaD4d39612f84636CCfEB4C056d6BCE7e8Be703D6,1
0x18d04E703ee2BfF7ac031F668549f3761E259Ee9,1
0x30AdFd3fe38e44457Df471d4d84640E8Ea834796,1
0x8611aBf2e6fC4bA00E9E3D10CDB1e5382CdE1F84,1
0x340DC2e57d64e4f8a7010eB347fD1Ca1b18bF935,2
0x8Edef9ceFD692651e93EAFB16E18887110aBBD99,1
0x0778a24054DbcAD2B2119bc9e5362403D1411265,1
0x6e9fe041e0bA8C2Af35215d900D188d53d7A9B41,3
0x378BCce7235D53BBc3774BFf8559191F06E6818E,3
0x9a4041DFC91b7E7816db55A6E1e91A5672D576b8,3
0xD413F436A036B9773D7ADCcaAc10242e27B9dA74,9
0x41A322b28D0fF354040e2CbC676F0320d8c8850d,3
0x8D1919f9F69911b0c6630703F1aB5DA3d3FAF1CA,3
0x6B6aE848F555f70944Bc99D736fe29fcAeCF8b23,6
0x645fd16F3508391e8385fC0a181076994079aA1B,3
0x75A56cd64E10C4F07a6D2Cb9027580b7b9a728db,3
0xBB34d08c67373e54F066E6e7e6c77846fF7D2714,4
0xE052113bd7D7700d623414a0a4585BCaE754E9d5,8
0x2c16bdaCF891061402ca95f54cB8Ec5C816c5648,2
0x6efF21c2BFDf83a33aa690fe3DB17Fc672244907,1
0x0E69D32dEeaEe658419038863a9D14DBd7d67a8B,1
0x68a8E6F445dc0FF8c37A3b96C119fB8c60420930,1
0xC660de9c5291b0DCbE09b966fE34Cf710e6cC3a5,1
0x06d12a7C173de6b9e7eafaa97Be609d9667AE1D2,2
0x9EA5f0BB37c98dcEf203FeC0D228bf7240a7E690,3
0xdFd7AB2fE1766536b475728D2da0698760CB595B,2
0xa036c61d8be91a02838df996165fb3450cda4fac,2
0xdf84bac2d8e4b25c1246cab5e53e74bf5424a821,4
0x80b9dcfe95417445fa3fa5e94bd72afc0a6c5630,2
0x5664bcf74F5D4040A49802aE4ca7848BD4838B28,2
0xF8dc7C125E81eC480F58517ba61b897E7f48aaDA,2
0xac403214AEd5e56A7ABBFdb34aB43C12e2A9A962,2
0xaA1651Fc2df5B273571Cf9D6D3a335a9BD253690,2
0x4b4a7ea0a38f5cd3cb2ee3b5cad8511bafa8494c,1
0xf8fbF33868C374D8aD5277189bf1C86Daa2913fe,1
0xedcb7b9f824d216d918e4efca6e6f385635bf8b5,1
0xE5C4b4E3842Fe542Fe2498393F4c309CcA6C0eD2,1
0x1Dc301854bfeCB4Ba03Eb417579585C2b8Ea12c1,1
0x3B5A15B0b0b7A85c36B763A4a7BA0F93A64E2A93,1
0x51787a2C56d710c68140bdAdeFD3A98BfF96FeB4,3
0xbb2095c13522bf522Db84A0a0B2fbD2FAC3F201c,1